{
  "controller/BaseController-dbg.js": 1613628913081,
  "controller/BaseController.js": 1613628913081,
  "model/models.js": 1613628913085,
  "model/formatter.js": 1613628913085,
  "controller/NotFound.controller.js": 1613628913081,
  "controller/Master.controller.js": 1613628913081,
  "controller/ListSelector.js": 1613628913081,
  "controller/ErrorHandler.js": 1613628913081,
  "controller/DetailObjectNotFound.js": 1613628913081,
  "controller/DetailObjectNotFound.controller.js": 1613628913081,
  "controller/Detail.controller.js": 1613628913081,
  "manifest.json": 1613629346685,
  "controller/App.controller.js": 1613628913081,
  "Component.js": 1613628913077,
  "manifest-bundle.zip": 1613629346274,
  "Component-preload.js": 1613629346610,
  "controller/App-dbg.controller.js": 1613628913081,
  "model/formatter-dbg.js": 1613628913085,
  "controller/NotFound-dbg.controller.js": 1613628913081,
  "controller/Master-dbg.controller.js": 1613628913081,
  "controller/ListSelector-dbg.js": 1613628913081,
  "controller/ErrorHandler-dbg.js": 1613628913081,
  "controller/DetailObjectNotFound-dbg.js": 1613628913081,
  "controller/DetailObjectNotFound-dbg.controller.js": 1613628913081,
  "controller/Detail-dbg.controller.js": 1613628913081,
  "i18n/i18n.properties": 1613628913081,
  "model/models-dbg.js": 1613628913085,
  "Component-dbg.js": 1613628913077,
  "resources.json": 1613629346688,
  "view/ViewSettingsDialog.fragment.xml": 1613628913093,
  "view/NotFound.view.xml": 1613628913093,
  "view/Master.view.xml": 1613628913093,
  "view/DetailObjectNotFound.view.xml": 1613628913093,
  "view/Detail.view.xml": 1613628913093,
  "view/App.view.xml": 1613628913093,
  "test.html": 1613628913085,
  "index.html": 1613628913081
}